Players,Height,Weight,DOB,Birthplace
"Aberg, Ludvig",,,10/31/99,"Eslov , SWE"
"Adamonis, Brad","6'2""",215 lbs,1/16/73,"Cumberland , USA"
"Adrounie, Tom","6'0""",180 lbs,4/23/89,"Fairfax , USA"
"Aguado, Camilo","6'0""",185 lbs,7/3/94,"Bogota , COL"
"Ahlers, Jaco","6'0""",230 lbs,11/19/82,"Mbombela , ZAF"
"Aiken, Thomas","5'10""",173 lbs,7/16/83,"Johannesburg , ZAF"
"Akana, Blaze",,,,"Honolulu , USA"
"Albertson, Anders","5'9""",160 lbs,6/8/93,"Houston , USA"
"Alexander, Tyson","6'1""",180 lbs,7/13/88,"Gainesville , USA"
"Alford, Ryan",,,6/24/96,"Shreveport , USA"
"Alker, Steven","5'11""",155 lbs,7/28/71,"Hamilton , NZL"
"Allan, Steve","5'11""",183 lbs,10/18/73,"Melbourne , AUS"
"Allenby, Robert","6'1""",180 lbs,7/12/71,"Melbourne , AUS"
"Amin, Paresh",,,3/7/79,"Aberdeen , USA"
"An, Byeong-Hun","6'2""",240 lbs,9/17/91,"Seoul , KOR"
"Ancer, Abraham","5'7""",160 lbs,2/27/91,"McAllen , USA"
"Anderson, Mark","6'1""",175 lbs,2/14/86,"Annapolis , USA"
"Angles, Pep","6'1""",164 lbs,3/27/93,"Barcelona , ESP"
"Anguiano, Mark","5'11""",165 lbs,10/2/92,"Bellflower , USA"
"Antcliff, Maverick","6'0""",168 lbs,4/7/93,"Brisbane , AUS"
"Aphibarnrat, Kiradech","5'8""",229 lbs,7/23/89,"Bangkok , THA"
"Arendell, Connor","5'11""",180 lbs,3/30/90,"Fort Myers , USA"
"Armitage, Marcus","6'0""",200 lbs,7/15/87,"Salford , ENG"
"Armour, Ryan","5'9""",170 lbs,2/27/76,"Akron , USA"
"Arnaus, Adri","6'1""",,10/17/94,"Barcelona , ESP"
"Asaji, Yosuke","5'7""",150 lbs,5/24/93,"Tokyo , JPN"
"Atkins, Matt","5'9""",160 lbs,12/13/90,"Aston , USA"
"Atwal, Arjun","6'1""",185 lbs,3/20/73,"Asansol , IND"
"Augenstein, John",,,10/7/97,"Owensboro , USA"
"Augustus IV, Daniel",,,,BMU
"Austin, Woody","6'0""",190 lbs,1/27/64,"Tampa , USA"
"Axley, Eric","6'0""",185 lbs,4/22/74,"Athens , USA"
"Baddeley, Aaron","6'0""",175 lbs,3/17/81,"Lebanon , USA"
"Bae, Sang-Moon","6'0""",180 lbs,6/21/86,"Daegu , KOR"
"Bae, Yongjun",,,10/28/00,KOR
"Bai, Bobby","6'0""",182 lbs,8/19/97,"Shantou , CHN"
"Bailey, Braden","5'8""",155 lbs,2/11/97,"Groves , USA"
"Bairstow, Sam",,,10/26/89,"Yorkshire , ENG"
"Baker, Chris","6'0""",170 lbs,3/1/86,"Seymour , USA"
"Balcar, Michael","5'10""",195 lbs,,"Toledo , USA"
"Baldwin, Mark","6'2""",185 lbs,8/20/83,"Laconia , USA"
"Balin, Daniel","6'0""",190 lbs,4/9/82,"Rockville , USA"
"Ballo, Peter",,,,"Stamford , USA"
"Ban, Shintaro","5'8""",165 lbs,2/27/96,"San Jose , USA"
"Barco, Luis Fernando","6'3""",180 lbs,6/21/95,"Lima , PER"
"Barjon, Paul","6'1""",200 lbs,9/19/92,"Bordeaux , FRA"
"Barnes, Erik","5'10""",180 lbs,10/22/87,"Kalamazoo , USA"
"Barnes, Ricky","6'2""",200 lbs,2/6/81,"Stockton , USA"
"Bauchou, Zach","6'0""",,12/28/95,"Forest , USA"
"Beach, Alex",,,7/19/89,"Eden Prairie , USA"
"Beckler, Andrew","6'0""",180 lbs,,"Topeka , USA"
"Beckman, Cameron","6'2""",215 lbs,2/15/70,"Minneapolis , USA"
"Beem, Rich","5'8""",165 lbs,8/24/70,"Phoenix , USA"
"Bekker, Oliver","6'2""",200 lbs,12/11/84,"Pretoria , ZAF"
"Beljan, Charlie","6'4""",215 lbs,10/10/84,"Mesa , USA"
"Benitez, Isidro","5'9""",143 lbs,1/28/99,"Puebla , MEX"
"Benitez, Juan Carlos","5'9""",158 lbs,6/12/92,"Pueble , MEX"
"Bennett, Sam","5'10""",,,"Madisonville , USA"
"Berger, Daniel","6'1""",175 lbs,4/7/93,"Plantation , USA"
"Bergeron, Jacob","6'3""",190 lbs,3/25/98,"Slidell , USA"
"Bertasio, Nino","6'0""",190 lbs,7/30/88,"Zurich , CHE"
"Bertsch, Justin",,,,"Sandusky , USA"
"Bertsch, Shane","6'2""",185 lbs,3/30/70,"Denver , USA"
"Besseling, Wil","6'1""",176 lbs,12/9/85,"Hoorn , NLD"
"Beverly, Aaron","6'3""",190 lbs,8/18/94,"Vallejo , USA"
"Bezuidenhout, Christiaan","6'1""",195 lbs,5/18/94,"Delmas , ZAF"
"Bhatia, Akshay","6'1""",130 lbs,1/31/02,"Los Angeles , USA"
"Bibbs, Taylor","5'10""",,4/30/96,"San Diego , USA"
"Bingaman, Brandon",,,,"Rapid City , USA"
"Biondi, Fred",,,,"Sau Paulo , BRA"
"Bjerregaard, Lucas","6'2""",183 lbs,8/14/91,"Frederikshavn , DNK"
"Bjork, Alexander","6'1""",176 lbs,6/7/90,"Vaxjo , SWE"
"Bjorn, Thomas","6'2""",194 lbs,2/18/71,"Silkeborg , DNK"
"Blair, Zac","5'6""",155 lbs,8/20/90,"Salt Lake City , USA"
"Blanchet, Chandler","5'10""",165 lbs,1/25/95,"Gainesville , USA"
"Bland, Richard","6'1""",196 lbs,2/3/73,"Burton upon Trent , ENG"
"Blaum, Ryan","5'10""",175 lbs,10/16/83,"Miami , USA"
"Blick, Cody","6'1""",170 lbs,12/5/93,"San Ramon , USA"
"Blixt, Jonas","5'10""",164 lbs,4/24/84,"Nassjo , SWE"
"Block, Michael","6'2""",210 lbs,,"Reno , USA"
"Bohn, Jason","6'0""",180 lbs,4/24/73,"Lewisburg , USA"
"Boneta, Albert","5'7""",,,"Barcelona , ESP"
"Borchert, Matthew","6'2""",185 lbs,1/28/77,"Cleveland , USA"
"Boros, Guy","6'0""",275 lbs,9/4/64,"Fort Lauderdale , USA"
"Boros, Joe",,,,"Saxonburg , USA"
"Bozzelli, Dominic","6'0""",180 lbs,5/22/91,"Rochester , USA"
"Bradley, Keegan","6'3""",190 lbs,6/7/86,"Woodstock , USA"
"Bramlett, Joseph","6'4""",195 lbs,4/7/88,"Stanford , USA"
"Brehm, Ryan","6'4""",220 lbs,4/5/86,"Mount Pleasant , USA"
"Brennan, Michael",,,,"Leesburg , USA"
"Bridgeman, Jacob","5'10""",170 lbs,12/6/99,"Greenville , USA"
"Bring, Christoffer",,,,"Naestved , DNK"
"Broberg, Kristoffer","6'0""",168 lbs,8/1/86,"Stockholm , SWE"
"Brown, Barclay",,,1/23/01,"Sheffield , GBR"
"Brown, Scott","5'8""",170 lbs,5/22/83,"Augusta , USA"
"Brown, Steven","6'4""",176 lbs,5/7/87,"Ashford , ENG"
"Browne, Olin","5'9""",175 lbs,5/22/59,"Washington , USA"
"Brun, Julien","6'3""",165 lbs,4/1/92,"Cagnes-sur-Mer , FRA"
"Bryan, Wesley","6'0""",175 lbs,3/26/90,"Columbia , USA"
"Buckley, Hayden","5'11""",180 lbs,3/1/96,"Chattanooga , USA"
"Buhl, William","6'3""",,6/11/97,"Fairhope , USA"
"Burgoon, Bronson","6'2""",190 lbs,6/2/87,"The Woodlands , USA"
"Burmester, Dean","5'11""",167 lbs,6/2/89,"Mutare , ZWE"
"Burns, Sam","6'1""",185 lbs,7/23/96,"Shreveport , USA"
"Byrd, Jonathan","5'9""",165 lbs,1/27/78,"Anderson , USA"
"Byrd, Marcus","6'0""",180 lbs,7/11/97,"Atlanta , USA"
"Cabrera Bello, Rafa","6'2""",179 lbs,5/25/84,"Las Palmas , ESP"
"Cahill, Matt",,,,"Palm Beach , USA"
"Calcavecchia, Mark","6'0""",215 lbs,6/12/60,"Laurel , USA"
"Caldwell, Jonathan","5'9""",168 lbs,6/10/84,"Bangor , NIR"
"Calkins, Brady","5'9""",190 lbs,,"Chehalis , USA"
"Calvesbert, Robi","5'8""",,6/28/91,PRI
"Campbell, Ben","6'0""",198 lbs,8/20/91,"Sydney , AUS"
"Campbell, Chad","6'1""",205 lbs,5/31/74,"Andrews , USA"
"Campillo, Jorge","5'11""",176 lbs,6/1/86,"Caceres , ESP"
"Campos, Rafael","5'10""",210 lbs,4/15/88,"San Juan , PRI"
"Canizares, Alejandro","5'11""",165 lbs,1/9/83,"Madrid , ESP"
"Cannon, Will","5'8""",150 lbs,2/13/94,"Hilton Head Island , USA"
"Canter, Laurie","6'2""",176 lbs,11/3/89,"Bath , ENG"
"Cantlay, Patrick","6'0""",190 lbs,3/17/92,"Long Beach , USA"
"Cantwell Jr., Tim",,,,
"Cao, Yi","6'0""",187 lbs,9/10/90,"Beijing , CHN"
"Cappelen, Sebastian","6'0""",190 lbs,4/14/90,"Odense , DNK"
"Carey, David",,,6/25/96,IRL
"Carll, Kevin","6'2""",195 lbs,3/7/75,USA
"Carmona, Mario",,,3/29/96,MEX
"Carr, Ben",,,8/17/00,"Columbus , USA"
"Casey, Paul","5'10""",180 lbs,7/21/77,"Cheltenham , ENG"
"Castillo, Michael",,,,USA
"Castillo, Ricky",,,,"Yorba Linda , USA"
"Castro, Roberto","6'0""",170 lbs,6/23/85,"Houston , USA"
"Catlin, John","6'1""",160 lbs,11/15/90,"Sacramento , USA"
"Cauley, Bud","5'7""",160 lbs,3/16/90,"Daytona Beach , USA"
"Cazaubon, Rodolfo E.","5'9""",175 lbs,8/15/89,"Tampico , MEX"
"Cejka, Alex","5'10""",170 lbs,12/2/70,"Marienbad , CZE"
"Celia, Ricardo","6'1""",185 lbs,,"Barranquilla , COL"
"Celli, Filippo",,,9/6/00,"Rome , ITA"
"Chacarra, Eugenio","6'2""",,3/22/00,"Madrid , ESP"
"Chalmers, Greg","6'0""",200 lbs,10/11/73,"Sydney , AUS"
"Champ, Cameron","6'0""",175 lbs,6/15/95,"Sacramento , USA"
"Chang, Yikeun","6'0""",175 lbs,12/22/93,"Seoul , KOR"
"Chappell, Kevin","6'0""",180 lbs,7/8/86,"Fresno , USA"
"Charoenkul, Gunn","5'9""",181 lbs,4/10/92,"Bangkok , THA"
"Chassart, Adrien Dumont De",,,3/1/00,"Villers la Ville , BEL"
"Chesters, Ashley","6'3""",167 lbs,8/25/89,"Shrewsbury , ENG"
"Chiarella, Alex","6'1""",170 lbs,6/2/94,"Makawao , USA"
"Cho, Mingyu","5'7""",159 lbs,8/8/88,KOR
"Choi, Albin","5'11""",173 lbs,5/4/92,"Surrey , CAN"
"Choi, K.J.","5'8""",185 lbs,5/19/70,"Wando , KOR"
"Chopra, Daniel","6'0""",180 lbs,12/23/73,"Stockholm , SWE"
"Chung, Jinho","5'10""",,12/28/96,"Cerritos , USA"
"Cink, Stewart","6'4""",205 lbs,5/21/73,"Huntsville , USA"
"Clark, Wyndham","6'0""",172 lbs,12/9/93,"Denver , USA"
"Clarke, Darren","6'2""",215 lbs,8/14/68,"Dungannon , NIR"
"Clearwater, Keith","6'0""",195 lbs,9/1/59,"Long Beach , USA"
"Cocha, Tommy","5'6""",119 lbs,4/26/91,"Salta , ARG"
"Cochran, Case","6'4""",195 lbs,4/5/89,"Paducah , USA"
"Cockerill, Aaron","5'11""",180 lbs,4/17/92,"Teulon , CAN"
"Coetzee, George","5'10""",209 lbs,7/18/86,"Pretoria , ZAF"
"Cole, Eric","5'9""",155 lbs,6/12/88,"Palm Springs , USA"
"Cole, Ryan","6'0""",160 lbs,6/21/95,"Frederick , USA"
"Collet, Tyler",,,,"Vero Beach , USA"
"Collins, Chad","5'9""",175 lbs,9/20/78,"Indianapolis , USA"
"Collins, Cougar","5'9""",195 lbs,7/7/99,"Caledon , CAN"
"Compton, Erik","5'8""",160 lbs,11/11/79,"Miami , USA"
"Cone, Trevor","6'3""",195 lbs,11/13/92,"Charlotte , USA"
"Connelly, Austin","5'7""",150 lbs,9/18/96,"Irving , USA"
"Conners, Corey","6'0""",190 lbs,1/6/92,"Listowel , CAN"
"Contini, Martin","5'10""",183 lbs,11/4/94,"Tucuman , ARG"
"Coody, Parker","5'9""",175 lbs,,"Plano , USA"
"Coody, Pierceson",,,,"Plano , USA"
"Cook, Austin","5'7""",160 lbs,3/13/91,"Little Rock , USA"
"Cook, Ben","6'2""",195 lbs,9/29/93,"Grand Rapids , USA"
"Cootes, Roy","5'10""",190 lbs,3/5/97,"Rolling Hills , USA"
"Cordes, Anthony",,,,"Farmersville , USA"
"Cordoba, Cledy",,,,DOM
"Couch, Chris","6'4""",225 lbs,5/1/73,"Fort Lauderdale , USA"
"Coupland, David","6'1""",168 lbs,3/16/86,"Boston , ENG"
"Couples, Fred","5'11""",185 lbs,10/3/59,"Seattle , USA"
"Covello, Vince","6'2""",190 lbs,11/26/82,"Springfield , USA"
"Cover, Patrick","5'9""",170 lbs,2/11/96,"Mooresville , USA"
"Crane, Ben","5'11""",165 lbs,3/6/76,"Portland , USA"
"Crawford, Chris","5'11""",165 lbs,,"Philadelphia , USA"
"Creel, Joshua","6'0""",200 lbs,3/2/90,"Cheyenne , USA"
"Creighton, Myles","6'1""",180 lbs,11/13/95,"Digby , CAN"
"Crick, Brandon","6'2""",180 lbs,11/25/87,"McCook , USA"
"Crocker, Sean","5'11""",,8/31/96,"Harare , ZWE"
"Croft, Daniel",,,,ENG
"Crowe, Harrison",,,10/15/01,AUS
"Crowe, Trace","6'2""",195 lbs,10/9/96,"Greenville , USA"
"Cummins, Quade","6'3""",230 lbs,,"Weatherford , USA"
"Cunningham, George","5'10""",180 lbs,8/14/95,"Louisville , USA"
"D'Amario, Adam","6'0""",180 lbs,2/6/84,USA
"Daffue, MJ","6'2""",210 lbs,1/13/89,"Pretoria , ZAF"
"Dahmen, Joel","5'11""",176 lbs,11/11/87,"Clarkston , USA"
"Daly, John","5'11""",250 lbs,4/28/66,"Carmichael , USA"
"Davis, Brian","5'11""",185 lbs,8/2/74,"London , ENG"
"Davis, Cameron","6'4""",181 lbs,2/21/95,"Sydney , AUS"
"Davison, Callum","6'0""",185 lbs,6/19/00,"North Vancouver , CAN"
"Day, Jason","6'0""",195 lbs,11/12/87,"Beaudesert , AUS"
"de Borba, Scott","6'2""",180 lbs,1/1/86,"Rancho Murieta , USA"
"De Jager, Louis","6'4""",180 lbs,3/30/87,"Modjadjiskloof , ZAF"
"de Jonge, Brendon","6'0""",230 lbs,7/18/80,"Harare , ZWE"
"De La Fuente, Santiago","6'1""",185 lbs,,"Mexico City , MEX"
"De Los Santos, Justin","5'9""",165 lbs,9/2/95,"Chatsworth , USA"
"DeChambeau, Bryson","6'1""",235 lbs,9/16/93,"Modesto , USA"
"Del Solar, Cristobal","6'1""",197 lbs,10/11/93,"Vina del Mar , CHL"
"Del Val, Samuel","6'2""",190 lbs,7/8/87,"Bilbao , ESP"
"DeLaet, Graham","5'11""",175 lbs,1/22/82,"Weyburn , CAN"
"Deminsky, Derek",,,,USA
"DeMorat, Mickey","6'4""",190 lbs,6/14/95,"Merritt Island , USA"
"DeNeen, Morgan","5'11""",198 lbs,,"Tustin , USA"
"Deraney, Joe",,,,USA
"Desilva, Chaka",,,,BMU
"Detry, Thomas","6'2""",154 lbs,1/13/93,"Brussels , BEL"
"Diaz, Roberto","5'6""",180 lbs,2/3/87,"Veracruz , MEX"
"Dickinson, Paul",,,,USA
"Dillas, Jarryd","6'1""",200 lbs,8/8/85,"Sandys , BMU"
"Dinwiddie, Robert","6'1""",182 lbs,12/29/82,"Dumfries , ENG"
"Dodd, Stephen","5'11""",187 lbs,7/15/66,"Cardiff , WLS"
"Doeden, Justin","5'11""",165 lbs,10/10/94,"Prior Lake , USA"
"Donald, Luke","5'9""",165 lbs,12/7/77,"Hemel Hempstead , ENG"
"Donaldson, Jamie","5'11""",174 lbs,10/19/75,"Pontypridd , WLS"
"Dossey, Cooper","5'9""",,,"Austin , USA"
"Dou Zecheng, Marty","5'9""",154 lbs,1/22/97,"Henan , CHN"
"Doucett, BJ",,,,"Apple Valley , USA"
"Drewitt, Brett","5'10""",170 lbs,11/24/90,"Taree , AUS"
"Droemer, Jesse","5'8""",170 lbs,7/16/91,"Tomball , USA"
"Drysdale, David","5'11""",191 lbs,3/19/75,"Edinburgh , SCT"
"Du Preez, James Hart","6'9""",195 lbs,10/13/95,ZAF
"Du Toit, Jared","6'1""",180 lbs,5/22/95,"Calgary , CAN"
"Dufner, Jason","5'10""",180 lbs,3/24/77,"Cleveland , USA"
"Dugas, Eric","6'3""",180 lbs,3/14/83,"Brewster , USA"
"Duke, Ken","6'1""",205 lbs,1/29/69,"Hope , USA"
"Duncan, Michael",,,,USA
"Duncan, Tyler","5'8""",150 lbs,7/13/89,"Columbus , USA"
"Dunlap, Nick",,,,"Huntsville , USA"
"Duval, David","6'0""",180 lbs,11/9/71,"Jacksonville , USA"
"Echavarria, Nico","6'0""",165 lbs,8/4/94,"Medellin , COL"
"Eckroat, Austin","6'0""",,1/12/99,"Edmond , USA"
"Els, Ernie","6'3""",210 lbs,10/17/69,"Johannesburg , ZAF"
"Elvira, Nacho","6'1""",180 lbs,2/17/87,"Santander , ESP"
"Endycott, Harrison","5'9""",161 lbs,4/26/96,"Sydney , AUS"
"English, Harris","6'3""",185 lbs,7/23/89,"Valdosta , USA"
"Ernst, Derek","6'0""",185 lbs,5/16/90,"Woodland , USA"
"Esteve, Jeronimo",,,4/30/72,PRI
"Etulain, Julian","5'8""",150 lbs,6/21/88,"Buenos Aires , ARG"
"Euler, Lukas","6'2""",198 lbs,5/12/96,"Dieburg , DEU"
"Everett, Broc","6'4""",200 lbs,8/19/94,"West Des Moines , USA"
"Every, Matt","5'11""",190 lbs,12/4/83,"Daytona Beach , USA"
"Ewart, A. J.","5'11""",160 lbs,5/7/99,"Coquitlam , CAN"
"Farr, Oliver","5'10""",188 lbs,3/25/88,"Redditch , GBR"
"Favela, Armando","5'8""",152 lbs,4/23/86,"Coronado , USA"
"Feagler, Clay","5'9""",155 lbs,,"Newport Beach , USA"
"Feagles, Michael","6'0""",155 lbs,12/8/97,"Phoenix , USA"
"Feenstra, Tim",,,,"Fall City , USA"
"Ferguson, Ewen","5'11""",,7/6/96,"Glasgow , SCT"
"Fernandez, Juan Diego","6'0""",165 lbs,5/5/90,"Mexico City , MEX"
"Fernandez de Oliveir, Mateo","5'7""",,1/16/00,"Buenos Aires , ARG"
"Fernandez-Castano, Gonzalo","6'1""",187 lbs,10/13/80,"Madrid , ESP"
"Fernandez-Valdes, Jorge","5'11""",150 lbs,8/6/92,"Cordoba , ARG"
"Fidone, Sam","5'9""",165 lbs,,"Lufkin , USA"
"Figueroa, Edward","5'9""",148 lbs,10/17/93,"Naples , USA"
"Filbert, Andrew","6'0""",200 lbs,6/13/87,"Kansas City , USA"
"Finau, Tony","6'4""",200 lbs,9/14/89,"Salt Lake City , USA"
"Fischer, Zack","6'0""",180 lbs,8/9/89,"Texarkana , USA"
"Fish, Mardy","6'2""",180 lbs,12/9/81,"Edina , USA"
"Fishburn, Patrick","6'4""",225 lbs,7/21/92,"Ogden , USA"
"Fitzpatrick, Alex",,,1/2/99,"Sheffield , ENG"
"Fitzpatrick, Matthew","5'10""",155 lbs,9/1/94,"Sheffield , ENG"
"Flanagan, Angus",,,3/31/99,"Woking , ENG"
"Flavin, Patrick","5'8""",150 lbs,2/16/96,"Chicago , USA"
"Fleetwood, Tommy","5'11""",168 lbs,1/19/91,"Southport , ENG"
"Flores, Erik","6'0""",180 lbs,4/5/87,"Panorama City , USA"
"Floydd, Jack","6'3""",,4/26/96,"West Sussex , ENG"
"Ford, Matt","5'8""",,4/19/78,ENG
"Forgan, Sam","6'2""",,,"Stowmarket , ENG"
"Forrest, Grant","5'9""",165 lbs,6/19/93,"Livingston , GBR"
"Fowler, Rickie","5'9""",150 lbs,12/13/88,"Murrieta , USA"
"Fox, Ryan","6'1""",215 lbs,1/22/87,"Auckland , NZL"
"Franco, Carlos","5'9""",165 lbs,5/24/65,"Asuncion , PRY"
"Frazar, Harrison","6'0""",190 lbs,7/29/71,"Dallas , USA"
"French, Chris",,,12/8/85,USA
"Frittelli, Dylan","6'2""",179 lbs,6/5/90,"Johannesburg , ZAF"
"Funk, Fred","5'8""",165 lbs,6/14/56,"Takoma Park , USA"
"Funk, Taylor","5'10""",160 lbs,9/30/95,"Ponte Vedra , USA"
"Furr, Wilson","5'11""",,7/8/98,"Jackson , USA"
"Furyk, Jim","6'2""",185 lbs,5/12/70,"West Chester , USA"
"Gabrelcik, Nick","6'2""",,4/24/02,"Trinity , USA"
"Gagne, Luis","5'9""",165 lbs,8/27/97,"San Jose , CRI"
"Gainey, Tommy","6'0""",185 lbs,8/13/75,"Darlington , USA"
"Gale, Daniel",,,5/29/96,AUS
"Gallacher, Stephen","6'2""",192 lbs,11/1/74,"Dechmont , SCT"
"Gallegos, Abel","6'2""",206 lbs,,"Buenos Aires , ARG"
"Gamez, Robert","5'9""",180 lbs,7/21/68,"Las Vegas , USA"
"Gandon, Jeremy","6'0""",185 lbs,12/4/96,"Charpey , FRA"
"Gannon, Luke","6'2""",185 lbs,5/29/99,"Bel Aire , USA"
"Garber, Joey","5'10""",175 lbs,8/29/91,"Petoskey , USA"
"Garcia, Sergio","5'10""",180 lbs,1/9/80,"Castellon , ESP"
"Garcia Rodriguez, Sebastian","5'6""",,3/4/89,"Madrid , ESP"
"Garcia-Heredia, Alfredo","6'1""",189 lbs,12/19/81,"Gijon , ESP"
"Garnett, Brice","5'11""",175 lbs,9/6/83,"Gallatin , USA"
"Garrigus, Robert","5'11""",190 lbs,11/11/77,"Nampa , USA"
"Gavins, Daniel","6'0""",168 lbs,3/20/91,"Leeds , ENG"
"Gay, Brian","5'10""",165 lbs,12/14/71,"Fort Worth , USA"
"Gazzolo, David","6'1""",177 lbs,4/11/93,"Riverside , USA"
"Geary, Josh","5'9""",170 lbs,12/11/84,"Invercargill , NZL"
"Geddes, Mark","6'0""",210 lbs,10/1/92,"Moreton , ENG"
"Gellerman, Michael","5'10""",190 lbs,8/10/92,"Tucson , USA"
"Geminiani, Domenico","6'0""",,3/20/96,"Martinique , FRA"
"Gerard, Ryan","6'1""",,8/2/99,"Raleigh , USA"
"Ghim, Doug","5'9""",165 lbs,4/16/96,"Des Plaines , USA"
"Gibson, Rhein","6'2""",180 lbs,2/1/86,"Bendigo , AUS"
"Gibson, Tommy","6'0""",190 lbs,,USA
"Gillam, Parker","6'0""",195 lbs,9/15/98,"Hickory , USA"
"Gillespie, Derek","5'8""",175 lbs,7/6/78,"Oshawa , CAN"
"Gligic, Michael","6'4""",190 lbs,9/19/89,"Burlington , CAN"
"Glover, Lucas","6'2""",195 lbs,11/12/79,"Greenville , USA"
"Godsey, Conner","6'0""",175 lbs,3/24/92,"Rogersville , USA"
"Gogel, Matt","5'10""",175 lbs,2/9/71,"Denver , USA"
"Gomez, Fabian","5'8""",163 lbs,10/27/78,"Resistencia , ARG"
"Gonzales, Andres","6'2""",225 lbs,5/16/83,"Olympia , USA"
"Gooch, Talor","6'0""",200 lbs,11/14/91,"Midwest City , USA"
"Goodwin, Noah","5'9""",150 lbs,,"Ann Arbor , USA"
"Goosen, Retief","5'11""",185 lbs,2/3/69,"Polokwane , ZAF"
"Gordon, Will","6'3""",205 lbs,7/28/96,"Davidson , USA"
"Gore, Jason","6'0""",245 lbs,5/17/74,"Van Nuys , USA"
"Gotterup, Christopher","5'11""",,,"Little Silver , USA"
"Gouveia, Ricardo","5'9""",187 lbs,8/6/91,"Faro , PRT"
"Goya, Tano","6'0""",187 lbs,6/1/88,"Cordoba , ARG"
"Goydos, Paul","5'9""",190 lbs,6/20/64,"Long Beach , USA"
"Graboyes, Luke","5'11""",140 lbs,1/27/95,"Watchung , USA"
"Grace, Branden","5'10""",171 lbs,5/20/88,"Pretoria , ZAF"
"Grant, Brent","5'10""",165 lbs,3/29/96,"Jacksonville , USA"
"Greaser, Austin","5'11""",,9/9/00,"Vandalia , USA"
"Greco, John","5'11""",170 lbs,7/19/94,"Sunnyvale , USA"
"Green, Gavin Kyle","6'1""",179 lbs,12/28/93,"Kuala Lumpur , MYS"
"Greene, Keith","5'10""",160 lbs,11/4/92,"Houston , USA"
"Gribble, Cody","5'9""",165 lbs,9/20/90,"Dallas , USA"
"Griffin, Ben","6'1""",185 lbs,5/6/96,"Chapel Hill , USA"
"Griffin, J.P.","5'8""",161 lbs,,USA
"Griffin, Lanto","6'3""",190 lbs,6/15/88,"Mt. Shasta , USA"
"Griffin, Matthew","6'2""",177 lbs,7/26/83,"Melbourne , AUS"
"Grillo, Emiliano","5'9""",175 lbs,9/14/92,"Resistencia , ARG"
"Grimes, Patrick","5'11""",,,"Menlo Park , USA"
"Grimmer, Will","6'0""",150 lbs,4/12/97,"Cincinnati , USA"
"Gross, Larkin","6'2""",,,"Center Cross , USA"
"Grove, Russell","5'11""",,11/11/85,"Coeur dAlene , USA"
"Guerra, Juan Jose","5'7""",155 lbs,4/27/97,"Santo Domingo , DOM"
"Guerrier, Julien","6'1""",190 lbs,7/1/85,"Evreux , FRA"
"Guise, Danny","5'11""",175 lbs,2/27/95,"Greenwich , USA"
"Gumberg, Jordan","5'10""",165 lbs,4/14/95,"Fort Lauderdale , USA"
"Guthrie, Luke","6'0""",185 lbs,1/31/90,"Quincy , USA"
"Gutschewski, Scott","6'0""",260 lbs,10/1/76,"Omaha , USA"
"Haas, Bill","6'2""",185 lbs,5/24/82,"Charlotte , USA"
"Haas, Jay","5'11""",185 lbs,12/2/53,"St. Louis , USA"
"Hadley, Chesson","6'4""",160 lbs,7/5/87,"Raleigh , USA"
"Hadwin, Adam","5'8""",165 lbs,11/2/87,"Moose Jaw , CAN"
"Hagestad, Stewart","6'5""",,4/10/91,"Newport Beach , USA"
"Hagy, Brandon","5'11""",160 lbs,3/21/91,"Santa Monica , USA"
"Hahn, James","6'1""",180 lbs,11/2/81,"Seoul , KOR"
"Hahn, Jordan","6'8""",210 lbs,,"Janesville , USA"
"Haley II, Paul","5'10""",165 lbs,1/20/88,"Dallas , USA"
"Hall, Gavin","5'11""",175 lbs,9/3/94,"Pittsford , USA"
"Hall, Harry","6'4""",225 lbs,8/6/97,"Hayle , ENG"
"Hall, Kevin","5'11""",,,"Cincinnati , USA"
"Hall, Ryan",,,,"Knoxville , USA"
"Ham, Jeongwoo","5'10""",187 lbs,8/30/94,"Cheonan , KOR"
"Hamamoto, Kosuke","5'8""",152 lbs,4/5/99,THA
"Hammer, Cole","5'9""",125 lbs,8/28/99,"Houston , USA"
"Han, Seungsu","5'9""",165 lbs,9/10/86,"Incheon , KOR"
"Hanko, Joseph",,,,USA
"Hanna, Chase","6'2""",185 lbs,7/28/94,"Kansas City , USA"
"Hansen, Joachim B","6'2""",165 lbs,8/18/90,"Hillerod , DNK"
"Harding, Justin","6'0""",176 lbs,2/9/86,"Somerset West , ZAF"
"Hardy, Nick","6'1""",185 lbs,1/26/96,"Northbrook , USA"
"Harkins, Brandon","6'0""",185 lbs,7/13/86,"Walnut Creek , USA"
"Harman, Brian","5'7""",150 lbs,1/19/87,"Savannah , USA"
"Harrington, Padraig","6'1""",189 lbs,8/31/71,"Dublin , IRL"
"Harrington, Scott","6'2""",175 lbs,11/16/80,"Eugene , USA"
"Harris, Matt","6'0""",190 lbs,,"Lexington , USA"
"Hatton, Tyrrell","5'9""",161 lbs,10/14/91,"High Wycombe , ENG"
"Hearn, David","6'1""",170 lbs,6/17/79,"Brampton , CAN"
"Hebert, Benjamin","6'0""",163 lbs,2/19/87,"Brive , FRA"
"Hebert, Michael","6'1""",160 lbs,12/17/90,"Palm Bay City , USA"
"Heffernan, Wes","6'1""",160 lbs,3/7/77,"Calgary , CAN"
"Helligkilde, Marcus",,,10/5/96,"Smorumnedre , DNK"
"Hend, Scott","6'0""",180 lbs,8/15/73,"Townesville , AUS"
"Henley, Russell","6'0""",180 lbs,4/12/89,"Macon , USA"
"Henry, J.J.","6'3""",200 lbs,4/2/75,"Fairfield , USA"
"Hensby, Mark","5'8""",150 lbs,6/29/71,"Melbourne , AUS"
"Herbert, Lucas","6'2""",200 lbs,12/5/95,"Bendigo , AUS"
"Herman, Jim","6'0""",170 lbs,11/5/77,"Cincinnati , USA"
"Herrera, Michael","6'0""",185 lbs,4/15/98,"Los Angeles , USA"
"Herron, Tim","5'10""",250 lbs,2/6/70,"Minneapolis , USA"
"Hervol, James","6'4""",190 lbs,,"Pittsburgh , USA"
"Hickok, Kramer","5'11""",178 lbs,4/14/92,"Austin , USA"
"Hicks, Justin","6'3""",200 lbs,10/28/74,"Wyandotte , USA"
"Hidalgo Portillo, Angel",,,4/27/98,"Marbella , ESP"
"Higa, Kazuki","5'2""",154 lbs,4/23/95,"Okinawa , JPN"
"Higgo, Garrick","6'1""",175 lbs,5/12/99,"Stellenbosch , ZAF"
"Higgs, Harry","6'2""",235 lbs,12/4/91,"Camden , USA"
"Highsmith, Joe","5'9""",,,"Lakewood , USA"
"Hill, Calum","5'10""",179 lbs,11/3/94,"Kirkcaldy , SCT"
"Hill, Matt","5'11""",,9/12/88,"Sarnia , CAN"
"Hillier, Daniel",,,7/26/98,NZL
"Hirschman, Grant","5'10""",165 lbs,3/18/94,"Memphis , USA"
"Hisatsune, Ryo",,,9/9/02,"Okayama , JPN"
"Hjertstedt, Gabriel","5'9""",160 lbs,12/5/71,"Umea , SWE"
"Hoag, Bo","6'2""",185 lbs,7/25/88,"Columbus , USA"
"Hocknull, Craig","5'7""",165 lbs,9/29/95,"Mendi , PNG"
"Hodges, Lee","6'0""",187 lbs,6/14/95,"Huntersville , USA"
"Hoey, Rico","5'10""",205 lbs,9/19/95,"Manilla , PHL"
"Hoffman, Charley","6'0""",200 lbs,12/27/76,"San Diego , USA"
"Hoffmann, Morgan","6'1""",180 lbs,8/11/89,"Franklin Lakes , USA"
"Hogan, Kyle",,,,"Cypress , USA"
"Hoge, Tom","6'1""",175 lbs,5/25/89,"Statesville , USA"
"Hojgaard, Nicolai","6'2""",180 lbs,3/12/01,"Gyttegaard , DNK"
"Hojgaard, Rasmus","6'1""",,3/12/01,"Billund , DNK"
"Holmes, Derek",,,,"Cottage Grove , USA"
"Holmes, J.B.","5'11""",190 lbs,4/26/82,"Campbellsville , USA"
"Holmes, Steve","5'10""",175 lbs,6/29/72,"Oxnard , USA"
"Holt, Ian","6'3""",210 lbs,10/20/95,"Stow , USA"
"Homa, Max","6'1""",180 lbs,11/19/90,"Burbank , USA"
"Hopper, Michael",,,7/5/84,"Denver , USA"
"Horikawa, Mikumu","5'9""",185 lbs,12/16/92,"Kanagawa , JPN"
"Horschel, Billy","6'0""",175 lbs,12/7/86,"Grant , USA"
"Horsey, Dave","5'10""",154 lbs,4/14/85,"Stockport , ENG"
"Horsfield, Sam","5'10""",,10/8/96,"Manchester , ENG"
"Hoshino, Rikuya","6'1""",168 lbs,5/12/96,"Ibaraki , JPN"
"Hossler, Beau","6'1""",195 lbs,3/16/95,"Mission Viejo , USA"
"Hovland, Viktor","5'10""",195 lbs,9/18/97,"Oslo , NOR"
"Howell III, Charles","5'11""",155 lbs,6/20/79,"Augusta , USA"
"Hubbard, Mark","6'0""",175 lbs,5/24/89,"Denver , USA"
"Huge, Maclain",,,,"lovettesville , USA"
"Hughes, Mackenzie","6'1""",180 lbs,11/23/90,"Hamilton , CAN"
"Huh, John","6'0""",190 lbs,5/21/90,"New York , USA"
"Huizing, Daan","5'10""",143 lbs,10/22/90,"Zwolle , NLD"
"Humphrey, Theo","6'0""",180 lbs,2/9/96,"Chicago , USA"
"Hur, In Hoi","5'10""",154 lbs,3/18/88,KOR
"Hurley III, Billy","5'10""",170 lbs,6/9/82,"Leesburg , USA"
"Hurt, Austin","5'8""",,,"Bainbridge Island , USA"
"Huskey, Keenan","6'1""",160 lbs,8/6/96,"Greenville , USA"
"Huston, John","5'10""",155 lbs,6/1/61,"Mt. Vernon , USA"
"Hutchinson, Ben","5'7""",,6/7/95,"Leeds , ENG"
"Hwang, Jung-Gon","5'10""",165 lbs,5/16/92,KOR
"Ikemura, Tomoyo","5'5""",158 lbs,8/30/95,"Kagoshima , JPN"
"Im, Sung-jae","6'0""",200 lbs,3/30/98,"Cheongju , KOR"
"Imada, Ryuji","5'8""",150 lbs,10/19/76,"Hiroshima , JPN"
"Imahira, Shugo","5'5""",146 lbs,10/2/92,"Saitama , JPN"
"Immelman, Trevor","5'9""",178 lbs,12/16/79,"Cape Town , ZAF"
"Inamori, Yuki",,,10/2/94,"Kagoshima , JPN"
"Inglis, Colin",,,,"Creswell , USA"
"Inman, Manuel","5'7""",,1/31/75,"Mexico City , MEX"
"Ishee, Nic",,,,"Dallas` , USA"
"Ishika, Koichiro","5'8""",190 lbs,11/4/98,"Kakogawa , JPN"
"Ishikawa, Ryo","5'9""",155 lbs,9/17/91,"Saitama , JPN"
"Islas, Jose Cristobal",,,,"Pachuca , MEX"
"Iwasaki, Aguri","5'11""",189 lbs,12/17/97,JPN
"Iwata, Hiroshi","6'0""",160 lbs,1/31/81,"Miyagi , JPN"
"Izumida, Daijiro",,,5/2/93,JPN
"Jacklin, Sean","5'11""",165 lbs,11/18/91,"Bradenton , USA"
"Jackson, Isaiah",,,,"Golden , USA"
"Jackson, Palmer","6'1""",,,"Murrysville , USA"
"Jacobsen, Peter","6'2""",215 lbs,3/4/54,"Portland , USA"
"Jacobson, Freddie","6'1""",178 lbs,9/26/74,"Gothenburg , SWE"
"Jaeger, Stephan","5'9""",170 lbs,5/30/89,"Munich , DEU"
"Jahn, Charles",,,,"Sperry , USA"
"James, Benjamin",,,,USA
"Jamieson, Scott","6'1""",176 lbs,11/28/83,"Glasgow , SCT"
"Janewattananond, Jazz","5'9""",150 lbs,11/26/95,"Bangkok , THA"
"Jarvis, Aaron","6'0""",160 lbs,12/8/02,"George Town , CYM"
"Jeong, Jin",,,2/2/90,"Busan , KOR"
"Jertson, Marty",,,8/24/80,"Gallup , USA"
"Jimenez, Miguel Angel","5'10""",180 lbs,1/5/64,"Malaga , ESP"
"Johnson, Dustin","6'4""",190 lbs,6/22/84,"Columbia , USA"
"Johnson, Kamaiu","6'1""",160 lbs,,"Tallahassee , USA"
"Johnson, Michael","5'9""",165 lbs,4/2/93,"Birmingham , USA"
"Johnson, Richard S","5'7""",145 lbs,10/15/76,"Stockholm , SWE"
"Johnson, Tom","6'2""",180 lbs,8/19/81,"Sacramento , USA"
"Johnson, Zach","5'11""",164 lbs,2/24/76,"Cedar Rapids , USA"
"Jones, Jared",,,,"Houston , USA"
"Jones, Matt","6'0""",170 lbs,4/19/80,"Sydney , AUS"
"Jones, Nick","6'1""",180 lbs,3/9/79,"Edina , USA"
"Jones, Steve","6'4""",200 lbs,12/27/58,"Artesia , USA"
"Jordan, Matthew",,,1/18/96,"Wirral Peninsula , ENG"
"Jude, Davey","6'1""",210 lbs,,"Huntington , USA"
"Jung, Chanmin","6'2""",264 lbs,,"Busan , KOR"
"Jung, Peter","6'0""",,,USA
"Jurgensen, Steve","5'10""",160 lbs,10/27/61,"San Jose , USA"
"Kaewkanjana, Sadom","5'8""",154 lbs,7/6/98,"Bangkok , THA"
"Kanaya, Takumi","5'8""",165 lbs,5/23/98,"Kure , JPN"
"Kang, Jeffrey","6'0""",175 lbs,6/24/91,"Los Angeles , USA"
"Kang, Sung-Hoon","5'8""",165 lbs,6/4/87,"Jeju , KOR"
"Karlberg, Rikard","5'11""",161 lbs,12/1/86,"Gothenburg , SWE"
"Kartrude, Michael","5'10""",180 lbs,,"West Palm Beach , USA"
"Kataoka, Naoyuki","5'7""",147 lbs,12/28/97,"Hokkaido , JPN"
"Katsuragawa, Yuto","5'6""",154 lbs,10/9/98,"Kiyosu , JPN"
"Kaufman, Smylie","6'2""",175 lbs,11/30/91,"Birmingham , USA"
"Kawai, Evan","5'3""",,,"Hawaii Kai , USA"
"Kawamoto, Riki","6'0""",187 lbs,3/3/00,"Ehime , JPN"
"Kawamura, Masahiro","5'8""",159 lbs,6/25/93,"Mie Prefecture , JPN"
"Kaye, Jonathan","5'10""",165 lbs,8/2/70,"Denver , USA"
"Kaymer, Martin","6'0""",165 lbs,12/28/84,"Dusseldorf , DEU"
"Keiser, Brian",,,,USA
"Kelly, Jerry","5'11""",165 lbs,11/23/66,"Madison , USA"
"Kendall, Skip","5'8""",150 lbs,9/9/64,"Milwaukee , USA"
"Kennedy, Blake","5'11""",180 lbs,,"Greenville , USA"
"Kennedy, Brad","5'11""",176 lbs,6/18/74,"Sydney , AUS"
"Kern, Ben","6'1""",275 lbs,,"Tucson , USA"
"Kevorkian, Jake","6'1""",170 lbs,11/16/94,"St. Petersburg , USA"
"Kieffer, Maximilian","5'11""",163 lbs,6/25/90,"Bergisch Gladbach , DEU"
"Killeen, J.J.","6'1""",188 lbs,10/22/81,"San Diego , USA"
"Kim, Bio","6'0""",165 lbs,8/21/90,"Seoul , KOR"
"Kim, Chan","6'2""",231 lbs,3/24/90,"Suwon , KOR"
"Kim, Hanbyeol","6'0""",163 lbs,9/6/96,"Jeonju , KOR"
"Kim, Justin","5'10""",165 lbs,9/8/97,"Atlanta , USA"
"Kim, Michael","5'11""",165 lbs,7/14/93,"Seoul , KOR"
"Kim, Minkyu","5'9""",165 lbs,3/24/01,"Gwangju , KOR"
"Kim, Seonghyeon","5'11""",180 lbs,9/17/98,"Changwon , KOR"
"Kim, Si Woo","5'11""",182 lbs,6/28/95,"Seoul , KOR"
"Kim, Sihwan","6'1""",190 lbs,12/4/88,"Buena Park , USA"
"Kim, Tae Hoon","6'0""",161 lbs,9/15/85,KOR
"Kim, Tom","6'0""",,6/21/02,"Seoul , KOR"
"Kim, Tommy","6'0""",215 lbs,2/7/74,"Las Vegas , USA"
"Kim, Whee","6'0""",172 lbs,2/22/92,"Seoul , KOR"
"Kim, Yeong Su","5'9""",146 lbs,5/19/89,"Changwon , KOR"
"Kingsley, Harrison","6'2""",,,"Murrieta , USA"
"Kinhult, Marcus","6'0""",148 lbs,7/24/96,"Fiskebäckskil , SWE"
"Kinney, Tripp","5'10""",190 lbs,9/6/97,"Des Moines , USA"
"Kinoshita, Ryosuke","5'9""",165 lbs,6/16/91,"Nara , JPN"
"Kirk, Chris","6'3""",175 lbs,5/8/85,"Knoxville , USA"
"Kisner, Kevin","5'10""",165 lbs,2/15/84,"Aiken , USA"
"Kitayama, Kurt","5'7""",170 lbs,1/14/93,"Chico , USA"
"Kizzire, Patton","6'5""",215 lbs,3/3/86,"Tuscaloosa , USA"
"Kjeldsen, Soren","5'7""",143 lbs,5/17/75,"Aalborg , DNK"
"Kluver, Luke",,,,USA
"Knade, Peter","6'1""",175 lbs,,"Annapolis , USA"
"Knauth, William",,,,"Williamsport , USA"
"Kneiser, George","5'10""",185 lbs,,"Oconomowoc , USA"
"Knost, Colt","5'9""",215 lbs,6/26/85,"Garrettsville , USA"
"Knous, Jim","6'1""",180 lbs,1/24/90,"Basalt , USA"
"Knowles, Philip","5'7""",162 lbs,10/16/96,"Bradenton , USA"
"Knox, Russell","5'10""",160 lbs,6/21/85,"Inverness , SCT"
"Koch, Greg",,,,"Orlando , USA"
"Kodaira, Satoshi","5'7""",150 lbs,9/11/89,"Tokyo , JPN"
"Koepka, Brooks","6'0""",205 lbs,5/3/90,"West Palm Beach , USA"
"Koepka, Chase","5'9""",160 lbs,1/30/94,"West Palm Beach , USA"
"Kofstad, Espen","6'2""",168 lbs,8/11/87,"Oslo , NOR"
"Kohles, Ben","6'2""",170 lbs,2/24/90,"Dallas , USA"
"Kokrak, Jason","6'4""",225 lbs,5/22/85,"North Bay , CAN"
"Korhonen, Mikko","5'9""",170 lbs,7/23/80,"Mäntsälä , FIN"
"Kozan, Andrew","6'0""",175 lbs,12/22/98,"West Palm Beach , USA"
"Kozuma, Jinichiro","5'5""",156 lbs,7/7/94,"Kagoshima , JPN"
"Kraft, Kelly","6'0""",175 lbs,10/5/88,"Denton , USA"
"Kuchar, Matt","6'4""",195 lbs,6/21/78,"Winter Park , USA"
"Kuest, Peter","6'1""",170 lbs,6/24/98,"Fresno , USA"
"Labritz, Rob","6'0""",174 lbs,5/31/71,"Hartford , USA"
"Lacroix, Frederic",,,2/23/95,FRA
"Lagergren, Joakim","5'9""",139 lbs,11/15/91,"Stockholm , SWE"
"Lahiri, Anirban","5'9""",175 lbs,6/29/87,"Pune , IND"
"Laird, Martin","6'2""",190 lbs,12/29/82,"Glasgow , SCT"
"Lamb, Rick","6'1""",190 lbs,9/20/90,"South Bend , USA"
"Lamely, Derek","6'0""",175 lbs,7/12/80,"Belleville , USA"
"Landry, Andrew","5'7""",150 lbs,8/7/87,"Port Neches-Groves , USA"
"Langasque, Romain","5'9""",165 lbs,5/18/95,"Grasse , FRA"
"Langer, Bernhard","5'9""",160 lbs,8/27/57,"Anhausen , DEU"
"Lansburgh, Peter",,,10/24/87,USA
"Laporta, Francesco","5'9""",150 lbs,10/10/90,"Castellana Grotte , ITA"
"Larrazabal, Pablo","5'10""",165 lbs,5/15/83,"Barcelona , ESP"
"Lashley, Nate","6'1""",190 lbs,12/12/82,"Scottsbluff , USA"
"Law, David","5'9""",,5/4/91,"Aberdeen , SCT"
"Lawrence, Thriston","5'11""",214 lbs,12/3/96,"Nelspruit , ZAF"
"Lawrie, Paul","5'11""",198 lbs,1/1/69,"Aberdeen , SCT"
"Lawson, Deyen","6'2""",,1/4/94,"Geelong , AUS"
"Lebioda, Hank","5'11""",180 lbs,1/14/94,"Orlando , USA"
"Lebrija, Roberto",,,3/9/99,"Rancho Santa Fe , USA"
"Ledesma, Nelson Lautaro","5'10""",211 lbs,7/25/90,"Tucuman , ARG"
"Lee, Alex","6'1""",190 lbs,,"San Francisco , USA"
"Lee, Danny","5'11""",175 lbs,7/24/90,"Seoul , KOR"
"Lee, Hyungjoon","5'10""",154 lbs,6/13/92,"Gwangju , KOR"
"Lee, Jaekyeong","5'10""",172 lbs,12/7/99,KOR
"Lee, Kyoung-hoon","5'9""",176 lbs,8/24/91,"Seoul , KOR"
"Lee, Minwoo","6'0""",165 lbs,7/27/98,"Perth , AUS"
"Lee, Richard T.","5'10""",180 lbs,10/29/90,"Toronto , CAN"
"Lee, Rodrigo","5'11""",176 lbs,9/23/87,"Sao Paulo , BRA"
"Lee, Soomin","5'7""",145 lbs,10/12/93,"Gangwon Province , KOR"
"Lee, Tae Hee","5'10""",172 lbs,5/26/84,"Seoul , KOR"
"Lee, Tain","5'10""",160 lbs,5/8/90,"Columbia , USA"
"Lee, Walker",,,,USA
"Lee, Wonjoon","6'2""",200 lbs,10/23/85,"Seoul , KOR"
"Lehman, Tom","6'2""",215 lbs,3/7/59,"Austin , USA"
"Leishman, Marc","6'2""",200 lbs,10/24/83,"Warrnambool , AUS"
"Lemke, Niklas","6'1""",167 lbs,4/23/84,"Linkoping , SWE"
"Leon, Hugo","5'11""",175 lbs,11/12/84,"Santiago , CHL"
"Leonard, Brendan","5'10""",165 lbs,5/25/91,"Cambridge , CAN"
"Leonard, Justin","5'9""",170 lbs,6/15/72,"Dallas , USA"
"Leseur, Kenny",,,,BMU
"Levin, Spencer","5'10""",155 lbs,6/15/84,"Sacramento , USA"
"Lewis, Tom","5'10""",194 lbs,1/5/91,"Welwyn Garden City , ENG"
"Lewton, Steve","6'3""",193 lbs,5/5/83,"Northampton , ENG"
"Li, Hao-Tong","6'0""",165 lbs,8/3/95,"Hunan , CHN"
"Lickliter II, Frank","6'1""",185 lbs,7/28/69,"Middletown , USA"
"Lim, Mo",,,,THA
"Limbhasut, KK","6'0""",200 lbs,1/26/96,"Bangkok , THA"
"Lin, Yuxin","6'0""",,10/12/00,"Beijing , CHN"
"Lindheim, Nicholas","6'2""",165 lbs,11/9/84,"Mission Viejo , USA"
"Lingmerth, David","5'7""",175 lbs,7/22/87,"Tranas , SWE"
"Lipsky, David","5'11""",165 lbs,7/14/88,"Los Angeles , USA"
"List, Luke","6'2""",190 lbs,1/14/85,"Seattle , USA"
"Lombard, Zander","5'11""",187 lbs,1/18/95,"Pretoria , ZAF"
"Long, Adam","5'10""",161 lbs,9/25/87,"New Orleans , USA"
"Long, Hurly","5'11""",,7/21/95,"Heidelberg , DEU"
"Long, Joe","6'0""",,5/21/97,"Lansdown , ENG"
"Longbella, Thomas","6'1""",175 lbs,,"Chippewa Falls , USA"
"Longmire, David","6'3""",195 lbs,4/12/93,"Arcadia , USA"
"Lopez-Chacarra, Eugenio","6'2""",,3/22/00,"Madrid , ESP"
"Lorenz, Ben","6'0""",,,"Peoria , USA"
"Lorenzo-Vera, Michael","5'10""",154 lbs,1/28/85,"Bayonne , FRA"
"Loupe, Andrew","6'1""",185 lbs,11/22/88,"Baton Rouge , USA"
"Love , Dru","6'5""",216 lbs,12/2/93,"St. Simons Island , USA"
"Love III, Davis","6'3""",175 lbs,4/13/64,"Charlotte , USA"
"Lovelady, Tom","5'10""",220 lbs,7/23/93,"Birmingham , USA"
"Lovemark, Jamie","6'4""",215 lbs,1/23/88,"Rancho Santa Fe , USA"
"Lowe, Taylor",,,,"Sacramento , USA"
"Lower, Justin","5'10""",175 lbs,4/4/89,"Akron , USA"
"Lowry, Shane","6'1""",216 lbs,4/2/87,"Clara , IRL"
"Luck, Curtis","6'0""",183 lbs,8/9/96,"Perth , AUS"
"Luiten, Joost","5'10""",154 lbs,1/7/86,"Bleiswijk , NLD"
"Lumsden, Ryan","5'11""",150 lbs,11/3/96,"London , ENG"
"Luo, Xue-wen","5'9""",179 lbs,9/4/96,"Shandong , CHN"
"Lyle, Sandy","6'0""",187 lbs,2/9/58,"Shrewbury , ENG"
"Lyras, John",,,11/6/96,"Sydney , AUS"
"MacDonald, Stuart","5'10""",175 lbs,11/10/94,"Vancouver , CAN"
"MacIntyre, Robert","5'10""",,8/3/96,"Oban , SCT"
"Mack III, Willie","5'7""",161 lbs,8/16/88,"Flint , USA"
"MacKenzie, Will","5'11""",170 lbs,9/28/74,"Greenville , USA"
"Mahan, Hunter","5'11""",175 lbs,5/17/82,"Orange , USA"
"Main, Gregor","5'11""",165 lbs,7/5/89,"Berkeley , USA"
"Malnati, Peter","5'10""",159 lbs,6/13/87,"New Castle , USA"
"Manke, RJ","5'10""",,8/16/98,"Lakewood , USA"
"Mansell, Richard","6'1""",175 lbs,4/24/95,"Staffordshire , ENG"
"Manuel, Caleb","5'8""",150 lbs,3/29/02,"Topsham , USA"
"Marek, Brad","6'5""",,,"Arlington Heights , USA"
"Marin Santander, Enrique",,,,"Sotogrande , ESP"
"Markham, George","6'1""",195 lbs,8/5/97,"Phoenix , USA"
"Marshall, Matt","5'8""",165 lbs,4/22/85,"Reno , USA"
"Martin, Ben","5'11""",175 lbs,8/26/87,"Greenwood , USA"
"Martin, Patrick","6'2""",175 lbs,1/30/97,"Birmingham , USA"
"Massa, Bobby",,,2/9/88,"Dallas , USA"
"Matsuyama, Hideki","5'11""",198 lbs,2/25/92,"Ehime , JPN"
"Matthews, Brandon","6'4""",210 lbs,7/27/94,"Dupont , USA"
"Maxwell, Kyle",,,,USA
"McAllister, Logan","6'0""",170 lbs,,"Oklahoma City , USA"
"McCain, Andrew","6'1""",190 lbs,4/5/94,"Knoxville , USA"
"McCarraher, Justin","5'10""",170 lbs,8/31/81,"Ft. Myers , USA"
"McCarthy, Dan","6'0""",200 lbs,7/30/85,"Syracuse , USA"
"McCarthy, Denny","5'9""",165 lbs,3/4/93,"Takoma Park , USA"
"McCarthy, Josh","6'0""",,5/17/97,"Danville , USA"
"McCarty, Matt","6'0""",165 lbs,12/11/97,"Scottsdale , USA"
"McCarty, Sean","6'0""",195 lbs,9/17/72,"Iowa City , USA"
"McClean, Matthew",,,6/7/93,"Belfast , NIR"
"McCracken, Logan","5'10""",175 lbs,6/21/91,"Oklahoma City , USA"
"McCumber, Tyler","5'10""",176 lbs,4/4/91,"Ponte Vedra Beach , USA"
"McDaniel, Chip","6'0""",175 lbs,10/12/95,"Lexington , USA"
"McDowell, Graeme","5'10""",160 lbs,7/30/79,"Portush , NIR"
"McEvoy, Richard","5'11""",156 lbs,6/13/79,"Shoeburyness , ENG"
"McGirt, William","5'8""",195 lbs,6/21/79,"Fairmont , USA"
"McGreevy, Max","5'11""",155 lbs,5/3/95,"Edmond , USA"
"McIlroy, Rory","5'10""",160 lbs,5/4/89,"Holywood , NIR"
"McLachlin, Parker","6'1""",165 lbs,5/10/79,"Honolulu , USA"
"McLuen, Jay","6'0""",173 lbs,7/24/80,"Lake Geneva , USA"
"McNealy, Maverick","6'1""",170 lbs,11/7/95,"Stanford , USA"
"McNeill, George","6'1""",180 lbs,10/2/75,"Naples , USA"
"McRoy, Spike","5'11""",155 lbs,5/20/68,"Huntsville , USA"
"McShea, Blake","6'0""",,,"Zebulon , USA"
"Mediate, Rocco","6'1""",190 lbs,12/17/62,"Greensburg , USA"
"Meissner, Mac","6'3""",180 lbs,2/8/99,"Charleston , USA"
"Menante, Dylan","5'8""",,5/19/01,"Reno , USA"
"Mendez, Gilbert",,,,"Pflugerville , USA"
"Mendoza, Kyle",,,,"Oceanside , USA"
"Meronk, Adrian","6'6""",200 lbs,5/31/93,"Hamburg , DEU"
"Merrick, John","6'1""",170 lbs,3/20/82,"Long Beach , USA"
"Merritt, Troy","6'0""",160 lbs,10/25/85,"Osage , USA"
"Meth, Byron","5'11""",180 lbs,1/19/93,"San Diego , USA"
"Metzger, Andre","5'10""",175 lbs,1/30/82,"Ada , USA"
"Meyer, Dylan","5'10""",145 lbs,7/10/95,"Evansville , USA"
"Micheel, Shaun","6'0""",185 lbs,1/5/69,"Orlando , USA"
"Michel, Lukas",,,1/23/94,AUS
"Micheluzzi, David",,,7/29/96,"Melbourne , AUS"
"Mickelson, Phil","6'3""",200 lbs,6/16/70,"San Diego , USA"
"Migliozzi, Guido","5'11""",,1/25/97,"Vicenza , ITA"
"Miller, Brad","5'11""",180 lbs,5/16/90,"Baltimore , USA"
"Miller, Cole","5'7""",155 lbs,7/28/95,"New Tripoli , USA"
"Miller, Michael","5'11""",178 lbs,4/3/92,"Mount Kisco , USA"
"Mitchell, Keith","6'1""",185 lbs,1/7/92,"Chattanooga , USA"
"Mitchum, Kelly","6'1""",185 lbs,4/4/71,"Pinehurst , USA"
"Mize, Larry","6'0""",165 lbs,9/23/58,"Augusta , USA"
"Moldovan, Maxwell",,,,"Uniontown , USA"
"Molinari, Edoardo","5'11""",170 lbs,2/11/81,"Turin , ITA"
"Molinari, Francesco","5'8""",159 lbs,11/8/82,"Turin , ITA"
"Moller, Niklas Norgaard",,,5/31/92,"Copenhagen , DNK"
"Montenegro, Marcos","5'9""",146 lbs,12/8/97,"Loberia, Buenos Aires , ARG"
"Montgomery, Taylor","6'3""",215 lbs,1/30/95,"Henderson , USA"
"Moon, Kyongjun","6'0""",170 lbs,8/26/82,"Seoul , KOR"
"Moore, Ryan","5'9""",170 lbs,12/5/82,"Tacoma , USA"
"Moore, Taylor","5'9""",160 lbs,7/28/93,"San Angelo , USA"
"Morales, Erick","5'8""",160 lbs,,"Bayamon , PRI"
"Morales, Omar","6'2""",,,"Puebla City , MEX"
"Morgan, Jediah","6'0""",192 lbs,11/30/99,"Brisbane , AUS"
"Morikawa, Collin","5'9""",160 lbs,2/6/97,"Los Angeles , USA"
"Morin, Alan","5'10""",167 lbs,6/8/69,"San Diego , USA"
"Morris, Brian","6'5""",,7/15/67,"Shorewood , USA"
"Morrison, James","5'11""",179 lbs,1/24/85,"Chertsey , ENG"
"Mouw, William","5'11""",,,"Chino , USA"
"Mueller, Jesse",,145 lbs,3/17/83,"Phoenix , USA"
"Mullarney, Ronan",,,9/12/95,"Galway , IRL"
"Mullinax, Trey","6'4""",195 lbs,6/29/92,"Birmingham , USA"
"Munoz, Sebastian","6'0""",185 lbs,1/4/93,"Bogota , COL"
"Murphy, John",,,6/12/98,"Kinsale , IRL"
"Murphy, Sam",,,4/26/99,"Decatur , USA"
"Murray, Grayson","6'1""",200 lbs,10/1/93,"Raleigh , USA"
"Murray, Zach","6'4""",,3/29/97,"Wodonga , AUS"
"Na, Kevin","5'11""",167 lbs,9/15/83,"Seoul , KOR"
"Naegel, Chris","5'11""",175 lbs,12/30/82,"Anaheim , USA"
"Nagano, Ryutaro","5'11""",188 lbs,5/6/88,"Kumamoto , JPN"
"Nakajima, Keita","5'8""",,6/24/00,"Saitama , JPN"
"Nakajima, Toru","5'7""",178 lbs,6/11/84,"Yamanashi , JPN"
"Nakanishi, Naoto","5'8""",176 lbs,8/11/88,"Osaka , JPN"
"Nemecz, Lukas","5'8""",149 lbs,8/17/89,"Klagenfurt , AUT"
"Nesbitt, Drew","5'10""",155 lbs,4/4/95,"Toronto , CAN"
"NeSmith, Matthew","6'0""",215 lbs,9/29/93,"North Augusta , USA"
"Newman, Dylan","5'9""",135 lbs,6/8/91,"New Rochelle , USA"
"Nicholas, James","5'11""",170 lbs,3/20/97,"New York City , USA"
"Nicklaus, Gary","5'10""",175 lbs,1/15/69,"West Palm Beach , USA"
"Nido, Chris","6'1""",170 lbs,,"Palmetto Bay , USA"
"Niemann, Joaquin","6'0""",154 lbs,11/7/98,"Santiago , CHL"
"Nienaber, Wilco","6'2""",175 lbs,4/7/00,ZAF
"Nieves, Roberto","5'8""",,,"Miami , USA"
"Nimmer, Bryson","5'8""",165 lbs,11/9/96,"Bluffton , USA"
"Noh, Seung Yul","6'1""",165 lbs,5/29/91,"Gangwon-do , KOR"
"Noren, Alexander","5'11""",165 lbs,7/12/82,"Stockholm , SWE"
"Norlander, Henrik","6'4""",210 lbs,3/25/87,"Stockholm , SWE"
"Norris, Shaun","6'2""",181 lbs,5/14/82,"Pretoria , ZAF"
"Norrman, Vincent","6'1""",180 lbs,12/24/97,"Stockholm , SWE"
"Novak, Andrew","6'2""",205 lbs,3/31/95,"Raleigh , USA"
"Nunez, Augusto","5'10""",185 lbs,11/3/92,"Yerba Buena , ARG"
"O'Hair, Sean","6'2""",180 lbs,7/11/82,"Lubbock , USA"
"O'Hara, Paul",,,9/24/86,SCT
"Oakley, Zac","6'0""",160 lbs,,"Wilmington , USA"
"Oda, John","5'8""",160 lbs,5/21/96,"Honolulu , USA"
"Odom, Greg","5'10""",,8/23/00,"Memphis , USA"
"Ogilvy, Geoff","6'2""",180 lbs,6/11/77,"Melbourne , AUS"
"Ogletree, Andy","6'1""",168 lbs,4/3/98,"Little Rock , USA"
"Oiwa , Ryuichi",,,12/17/97,JPN
"Okada, Kohei",,,2/18/02,"Kochi , JPN"
"Okamura, Garrett",,,,USA
"Olazabal, Jose Maria","5'10""",160 lbs,2/5/66,"Fuenterrabia , ESP"
"Olesen, Thorbjorn","5'9""",154 lbs,12/21/89,"Farso , DNK"
"Olivares, Marcel",,,,DOM
"Olson, Eddie","5'9""",161 lbs,7/13/87,"Aptos , USA"
"Onishi, Kaito","5'10""",160 lbs,10/13/98,"Chiba , JPN"
"Oosthuizen, Louis","5'10""",180 lbs,10/19/82,"Mossel Bay , ZAF"
"Oppenheim, Rob","5'10""",165 lbs,1/12/80,"Salem , USA"
"Ormsby, Wade","5'9""",160 lbs,3/31/80,"Adelaide , AUS"
"Ortiz, Alvaro","6'1""",176 lbs,11/25/95,"Guadalajara , MEX"
"Ortiz, Carlos","6'0""",150 lbs,4/24/91,"Guadalajara , MEX"
"Osborn, Garrett","5'9""",170 lbs,11/12/84,"Birmingham , USA"
"Osborne, Ollie","6'1""",200 lbs,11/11/99,"Reno , USA"
"Oshrine, Matt","5'11""",185 lbs,8/14/95,"Baltimore , USA"
"Ota, Tyler",,,,"Honolulu , USA"
"Otaegui, Adrian","6'0""",174 lbs,11/21/92,"Donostia-San Sebastian , ESP"
"Otsuki, Tomoharu","5'8""",207 lbs,1/26/90,"Ibaraki , JPN"
"Overton, Jeff","6'4""",195 lbs,5/28/83,"Evansville , USA"
"Paisley, Chris","5'9""",161 lbs,3/24/86,"Hexham , ENG"
"Pak, John","5'9""",165 lbs,12/18/98,"Scotch Plains , USA"
"Palanyandi, Damian",,,,BMU
"Palmer, Ryan","5'11""",175 lbs,9/19/76,"Amarillo , USA"
"Pampling, Rod","5'10""",175 lbs,9/23/69,"Redcliffe , AUS"
"Pan, Cheng-Tsung","5'6""",145 lbs,11/12/91,"Miaoli , TWN"
"Papadatos, Dimitrios","6'3""",198 lbs,6/4/91,"Sydney , AUS"
"Papineau, Etienne","5'9""",,9/13/96,"St-Jean-Sur-Richelieu , CAN"
"Paratore, Renato","6'3""",181 lbs,12/14/96,"Rome , ITA"
"Park, Sanghyun","5'7""",157 lbs,4/24/83,"Seoul , KOR"
"Parry, John","5'7""",140 lbs,11/17/86,"Harrogate , GBR"
"Pastore, David","6'2""",190 lbs,1/4/92,"Greenwich , USA"
"Paul, Yannik","6'1""",170 lbs,3/5/94,"Frankfurt , DEU"
"Pavan, Andrea","6'3""",185 lbs,4/27/89,"Rome , ITA"
"Pavon, Matthieu","6'0""",187 lbs,11/2/92,"Toulouse , FRA"
"Peaper, Brant","6'2""",175 lbs,7/13/90,"West Palm Beach , USA"
"Pearce, Shane","6'0""",160 lbs,,"Carrollton , USA"
"Pearce, Tim","5'10""",150 lbs,6/30/95,"Royal Oak , USA"
"Pearman, Dwayne","5'7""",180 lbs,11/30/62,"Southampton , BMU"
"Pena, Rhadames",,,11/9/89,DOM
"Pendrith, Taylor","6'2""",200 lbs,5/30/91,"Richmond Hill , CAN"
"Penge, Marco",,,5/15/98,ENG
"Pepperell, Eddie","6'0""",161 lbs,1/22/91,"Oxfordshire , ENG"
"Percy, Cameron","6'0""",180 lbs,5/5/74,"Chelsea , AUS"
"Pereda, Raul","5'9""",143 lbs,6/29/96,"Mexico City , MEX"
"Pereira, Mito","6'0""",196 lbs,3/31/95,"Santiago , CHL"
"Perez, Pat","6'0""",190 lbs,3/1/76,"Phoenix , USA"
"Perez, Victor","6'5""",210 lbs,9/2/92,"Semeac , FRA"
"Perkins, David","5'8""",165 lbs,6/15/98,"East Peoria , USA"
"Perras, Michael","5'10""",170 lbs,1/22/96,"Cincinnati , USA"
"Perry, Rod","6'0""",200 lbs,10/17/73,"York , USA"
"Petronzio, Nathan","5'11""",,,"Bee Cave , USA"
"Pettersson, Carl","5'11""",195 lbs,8/29/77,"Gothenburg , SWE"
"Pettit, Turk","6'1""",175 lbs,11/16/98,"Opelika , USA"
"Phillips, Chandler","5'9""",,12/2/96,"Huntsville , USA"
"Phillips, Trent","5'11""",155 lbs,5/28/00,"Spartanburg , USA"
"Phipps, Anthony",,,1/12/93,"Orlando , USA"
"Piercy, Scott","6'0""",185 lbs,11/6/78,"Las Vegas , USA"
"Pieters, Thomas","6'5""",187 lbs,1/27/92,"Antwerp , BEL"
"Pigem, Carlos","5'11""",156 lbs,6/7/90,"Lleida , ESP"
"Pigman, Kenny","6'2""",,7/15/88,"Norco , USA"
"Pike, Aaron","6'4""",,11/11/85,"Taringa , AUS"
"Piot, James","5'9""",153 lbs,10/14/98,"Farmington Hills , USA"
"Points, D.A.","6'1""",195 lbs,12/1/76,"Pekin , USA"
"Polland, Ben","6'0""",175 lbs,7/28/90,"St. Paul , USA"
"Pope, Andy","5'10""",160 lbs,3/3/84,"Glen Ellyn , USA"
"Poppleton, Nicholas",,,4/12/94,"Sheffield , ENG"
"Porteous, Garrick","6'1""",183 lbs,1/17/90,"Colchester , ENG"
"Porteous, Haydn","5'10""",176 lbs,7/8/84,"Johannesburg , ZAF"
"Porter, Charles",,,,"San Francisco , USA"
"Poston, J.T.","6'2""",165 lbs,6/1/93,"Hickory , USA"
"Potgieter, Aldrich",,,9/13/04,"Mossel Bay , ZAF"
"Potter Jr, Ted","5'11""",180 lbs,11/9/83,"Ocala , USA"
"Poulter, Ian","6'1""",189 lbs,1/10/76,"Stevenage , ENG"
"Power, Seamus","6'3""",200 lbs,3/4/87,"Waterford , IRL"
"Pride, Dicky","6'0""",175 lbs,7/15/69,"Tuscaloosa , USA"
"Proehl, Chad",,,9/29/67,"Urbandale , USA"
"Pulkkanen, Tapio","6'2""",185 lbs,5/21/90,"Kotka , FIN"
"Pumarol, Willy","5'9""",154 lbs,2/23/89,"New York , USA"
"Purdy, Ted","5'10""",180 lbs,8/15/73,"Phoenix , USA"
"Putnam, Andrew","6'1""",170 lbs,1/25/89,"Tacoma , USA"
"Pyne, Casey",,,,"Bloomington , USA"
"Quayle, Anthony",,,8/25/94,"Nhulunbuy , AUS"
"Quiban, Justin","5'5""",154 lbs,2/26/96,"Manila , PHL"
"Quigley, Brett","5'11""",160 lbs,8/18/69,"Fort Devens , USA"
"Quinn, Fran","6'0""",175 lbs,3/11/65,"Worcester , USA"
"Rada, Patrick",,,1/7/88,"Anderson , USA"
"Rahm, Jon","6'2""",220 lbs,11/10/94,"Barrika , ESP"
"Rai, Aaron","5'11""",151 lbs,3/3/95,"Wolverhampton , ENG"
"Ralston, Spencer","6'2""",185 lbs,8/6/97,"Gainesville , USA"
"Ramey, Chad","6'0""",180 lbs,8/3/92,"Tupelo , USA"
"Ramey, Kyle","5'10""",175 lbs,3/24/85,"Paducah , USA"
"Ramsay, Richie","5'8""",154 lbs,6/15/83,"Aberdeen , SCT"
"Reavie, Chez","5'9""",160 lbs,11/12/81,"Wichita , USA"
"Reband, Garett","6'1""",154 lbs,,"Fort Worth , USA"
"Redman, Doc","5'11""",175 lbs,12/27/97,"Chapel Hill , USA"
"Reed, Patrick","6'0""",200 lbs,8/5/90,"San Antonio , USA"
"Reeves, Seth","6'3""",175 lbs,2/26/91,"Atlanta , USA"
"Reifers, Kyle","6'2""",175 lbs,10/13/83,"Columbus , USA"
"Reiter, Charlie","6'0""",135 lbs,7/20/99,"Palm Desert , USA"
"Relancio, Manuel","6'0""",172 lbs,7/22/83,"Corrientes , ARG"
"Reynolds, Gabe",,,,USA
"Riley, Davis","6'0""",175 lbs,12/17/96,"Hattiesburg , USA"
"Riley, Quinn","5'11""",165 lbs,1/28/00,"Raleigh , USA"
"Ritchie, JC","5'10""",235 lbs,2/24/94,"Standerton , ZAF"
"Roach, Wes","6'3""",185 lbs,12/10/88,"Knoxville , USA"
"Rodgers, Patrick","6'2""",185 lbs,6/30/92,"Avon , USA"
"Rodriguez, Jose de Jesus","5'9""",175 lbs,1/22/81,"Irapuato , MEX"
"Rollins, John","6'0""",201 lbs,6/25/75,"Richmond , USA"
"Romero, Andres","5'10""",165 lbs,5/8/81,"Tucuman , ARG"
"Romo, Tony","6'2""",236 lbs,4/21/80,"San Diego , USA"
"Rose, Justin","6'3""",195 lbs,7/30/80,"Johannesburg , ZAF"
"Roth, Jeff","5'10""",200 lbs,9/8/57,"Flushing , USA"
"Rousaud, Eduard",,,5/2/00,ESP
"Roussel, Robin","6'0""",,8/26/93,"Paris , FRA"
"Roy, Kevin","6'0""",190 lbs,3/15/90,"Syracuse , USA"
"Rozner, Antoine","6'0""",,2/12/93,"Paris , FRA"
"Rozo, Marcelo","5'11""",185 lbs,9/6/89,"Bogota , COL"
"Ruffels, Ryan","6'1""",180 lbs,4/29/98,"Orlando , USA"
"Rutherford, Jamie","6'0""",,4/25/92,"Stevenage , ENG"
"Ryan, Matt","5'9""",175 lbs,9/19/86,"Van Nuys , USA"
"Ryder, Sam","6'2""",175 lbs,12/15/89,"Winter Park , USA"
"Saavedra, Sebastian L.","5'7""",155 lbs,2/1/86,"Buenos Aires , ARG"
"Saavedra-Davila, Diego","6'0""",170 lbs,,"Guaynabo , PRI"
"Sabbatini, Rory","5'10""",165 lbs,4/2/76,"Durban , ZAF"
"Safa, Jose Antonio",,,,MEX
"Sainz Jr., Carlos","5'11""",185 lbs,11/11/85,"Elgin , USA"
"Saksansin, Poom",,,6/4/93,"Bangkok , THA"
"Salinda, Isaiah","5'11""",180 lbs,3/13/97,"South San Francisco , USA"
"Salzer, Christian","5'11""",160 lbs,,"Sumter , USA"
"Samooja, Kalle","5'10""",,1/25/88,"Turku , FIN"
"Sanger, Chris",,,,"Red Hook , USA"
"Santos, Julio","6'0""",220 lbs,10/16/72,"Puerto Plata , DOM"
"Sargent, Gordon",,,5/27/03,"Birmingham , USA"
"Saunders, Sam","6'0""",175 lbs,7/30/87,"Orlando , USA"
"Sawada, Jared","5'7""",134 lbs,6/19/90,"Mililani , USA"
"Schaake, Alex",,,11/22/97,"Omaha , USA"
"Schaake, Carson","5'9""",170 lbs,9/21/94,"Waterloo , USA"
"Schauffele, Xander","5'10""",175 lbs,10/25/93,"La Jolla , USA"
"Scheffler, Scottie","6'3""",200 lbs,6/21/96,"Dallas , USA"
"Schenk, Adam","6'2""",190 lbs,1/26/92,"Vincennes , USA"
"Schmid, Matthias","6'0""",160 lbs,11/18/97,"Maxhuette , DEU"
"Schneider, Cory","5'6""",130 lbs,1/2/84,"Sebring , USA"
"Schneider, Marcel","5'10""",163 lbs,2/6/90,"Bietigheim-Bissingen , DEU"
"Schniederjans, Luke","6'1""",164 lbs,6/12/98,"Powder Springs , USA"
"Schniederjans, Ollie","6'1""",190 lbs,6/15/93,"Dallas , USA"
"Schwab, Matthias","5'11""",161 lbs,12/9/94,"Schladming , AUT"
"Schwartzel, Charl","5'11""",160 lbs,8/31/84,"Johannesburg , ZAF"
"Scott, Adam","6'0""",180 lbs,7/16/80,"Adelaide , AUS"
"Scott, Sandy","5'10""",165 lbs,6/28/98,"Nairn , SCT"
"Scrivener, Jason","5'11""",154 lbs,4/18/89,"Cape Town , ZAF"
"Sear, Maxwell","5'10""",165 lbs,5/10/97,"Markham , CAN"
"Seiffert, Chase","6'3""",200 lbs,8/12/91,"Panama City , USA"
"Sekito, Naoki","5'6""",154 lbs,10/3/97,"Hiroshima , JPN"
"Sekulic, Max","6'0""",,7/28/99,"Rycroft , CAN"
"Semikawa, Taiga",,,1/11/01,"Hyogo , JPN"
"Senden, John","6'4""",200 lbs,4/20/71,"Brisbane , AUS"
"Senior, Jack","6'0""",,7/18/88,"Morecambe , ENG"
"Seo, Yoseop","5'11""",172 lbs,5/8/96,KOR
"Serna Jr, Efren","6'3""",175 lbs,4/29/87,"Zacatecas , MEX"
"Sharma, Shubhankar","5'10""",165 lbs,7/21/96,"Jhansi , IND"
"Sharpstene, Matt","6'2""",,1/4/99,"Asheville , USA"
"Shattuck, Braden","6'0""",205 lbs,,"Aston , USA"
"Shelton, Robby","6'0""",190 lbs,8/25/95,"Mobile , USA"
"Shepherd, Laird","5'8""",160 lbs,5/8/97,ENG
"Shin, Sanghun","5'10""",176 lbs,12/24/98,KOR
"Shindler, Conrad","5'8""",200 lbs,7/20/88,"Phoenix , USA"
"Shinkwin, Callum","5'11""",180 lbs,5/22/93,"Watford , ENG"
"Shirley, Trey","6'3""",235 lbs,5/5/90,"Edmonton , USA"
"Shore, Davis","6'3""",,8/25/98,"Knoxville , USA"
"Siem, Marcel","6'2""",165 lbs,7/15/80,"Mettmann , DEU"
"Sigg, Greyson","5'7""",179 lbs,2/17/95,"Augusta , USA"
"Silfa, Hiram",,,3/22/74,"Santo Domingo , DOM"
"Silverman, Ben","5'10""",160 lbs,11/15/87,"Thornhill , CAN"
"Simpson, Webb","6'2""",185 lbs,8/8/85,"Raleigh , USA"
"Sims, Michael","6'0""",178 lbs,1/30/79,"Warwick , BMU"
"Simsby, Trevor","6'2""",170 lbs,10/13/92,"Carlsbad , USA"
"Singh, Vijay","6'2""",208 lbs,2/22/63,"Lautoka , FJI"
"Sinnott, Todd","6'3""",201 lbs,2/19/82,"Melbourne , AUS"
"Sisk, Cameron","6'1""",165 lbs,4/4/00,"San Diego , USA"
"Sjoholm, Joel","5'10""",209 lbs,2/21/85,"Santiago , CHL"
"Skinns, David","5'11""",180 lbs,2/1/82,"Lincoln , ENG"
"Sloan, Roger","6'2""",175 lbs,5/15/87,"Calgary , CAN"
"Slocum, Heath","5'8""",150 lbs,2/3/74,"Baton Rouge , USA"
"Smalley, Alex","6'1""",160 lbs,10/21/96,"Rochester , USA"
"Smith, Cameron","5'11""",172 lbs,8/18/93,"Brisbane , AUS"
"Smith, Camiko",,,8/31/85,BMU
"Smith, Jordan L","5'10""",168 lbs,11/9/92,"Bath , ENG"
"Smith, Stuart","5'10""",165 lbs,12/2/61,"Los Angeles , USA"
"Smith, Zach","5'9""",175 lbs,,"Rockville , USA"
"Smock, Brian","5'10""",215 lbs,3/1/73,"Honolulu , USA"
"Smotherman, Austin","5'11""",150 lbs,5/19/94,"Loomis , USA"
"Snedeker, Brandt","6'1""",185 lbs,12/8/80,"Nashville , USA"
"Snyder, Brent","5'11""",165 lbs,4/26/80,"St. Paul , USA"
"Soderberg, Sebastian","6'0""",185 lbs,9/19/90,"Eksjo , SWE"
"Somers, John","6'0""",190 lbs,5/15/91,"Elon , USA"
"Sonnier, Greg","6'3""",190 lbs,3/24/77,"Jennings , USA"
"Sorenson, Jeff",,,10/8/78,"Blaine , USA"
"Southgate, Matthew","6'3""",209 lbs,10/3/88,"Southend-on-Sea , ENG"
"Spaun, J.J.","5'9""",185 lbs,8/21/90,"Los Angeles , USA"
"Speight, Josh",,,3/15/88,"Gloucester , USA"
"Spieth, Jordan","6'1""",175 lbs,7/27/93,"Dallas , USA"
"Springer, Hayden","6'2""",,1/9/97,"Trophy Club , USA"
"Stadler, Kevin","5'10""",250 lbs,2/5/80,"Reno , USA"
"Stallings, Scott","6'0""",195 lbs,3/25/85,"Worcester , USA"
"Stallings Jr., Stephen","6'1""",190 lbs,12/9/94,"Louisville , USA"
"Stalter, Joel","5'7""",155 lbs,7/8/92,"Thionville , FRA"
"Stanger, Jimmy","5'10""",165 lbs,3/23/95,"Tampa , USA"
"Stankowski, Paul","6'0""",190 lbs,12/2/69,"Oxnard , USA"
"Stanley, Kyle","5'11""",165 lbs,11/19/87,"Gig Harbour , USA"
"Stanley, Preston","5'10""",180 lbs,8/14/92,"North Richland Hills , USA"
"Steele, Brendan","6'2""",175 lbs,4/5/83,"Idyllwild , USA"
"Stefani, Shawn","6'2""",205 lbs,12/2/81,"Baytown , USA"
"Stegmaier, Brett","6'3""",180 lbs,7/2/83,"Madison , USA"
"Stenson, Henrik","6'2""",190 lbs,4/5/76,"Gothenburg , SWE"
"Stephens, Andrew",,,,USA
"Sterne, Richard","5'7""",150 lbs,8/27/81,"Pretoria , ZAF"
"Stevens, Sam","6'1""",190 lbs,7/4/96,"Wichita , USA"
"Stone, Brandon","5'11""",143 lbs,4/20/93,"Rustenburg , ZAF"
"Strafaci, Tyler","6'1""",170 lbs,7/23/98,"Davie , USA"
"Straka, Sepp","6'3""",235 lbs,5/1/93,"Vienna , AUT"
"Streb, Robert","5'10""",165 lbs,4/7/87,"Chickasha , USA"
"Streelman, Kevin","5'10""",175 lbs,11/4/78,"Winfield , USA"
"Stricker, Steve","6'0""",190 lbs,2/23/67,"Edgerton , USA"
"Stroud, Chris","6'2""",180 lbs,2/3/82,"Groves , USA"
"Strydom, Ockie","6'2""",198 lbs,1/8/85,"Kempton Park , ZAF"
"Stuard, Brian","5'10""",175 lbs,12/10/82,"Jackson , USA"
"Suber, Jackson","6'1""",175 lbs,10/18/99,"Tampa , USA"
"Sucher, Zack","6'0""",210 lbs,10/2/86,"Atlanta , USA"
"Sugiyama, Tomoyasu","5'6""",165 lbs,4/28/93,"Kanagawa , JPN"
"Sugrue, James","6'2""",175 lbs,12/9/98,"Mallow , IRL"
"Suh, Justin","5'9""",165 lbs,6/12/97,"San Jose , USA"
"Sullivan, Andy","5'9""",170 lbs,5/19/86,"Nuneaton , ENG"
"Summerhays, Daniel","5'8""",185 lbs,12/2/83,"Farmington , USA"
"Summerhays, Joseph","6'0""",,9/16/71,"Farmington , USA"
"Summerhays, Preston","6'2""",185 lbs,7/22/02,"Scottsdale , USA"
"Suri, Julian","6'0""",170 lbs,4/6/91,"New York , USA"
"Surratt, Caleb",,,,"Indian Trail , USA"
"Svensson, Adam","6'0""",178 lbs,12/31/93,"Surrey , CAN"
"Svoboda, Andrew","5'9""",200 lbs,10/2/79,"New Rochelle , USA"
"Swafford, Hudson","6'3""",200 lbs,9/9/87,"Tallahassee , USA"
"Swan, Kim",,,10/4/57,BMU
"Syme, Connor","5'10""",,7/11/95,"Drumoig , SCT"
"Tabuena, Miguel","5'6""",145 lbs,10/13/94,"Manila , PHL"
"Tarren, Callum","5'8""",187 lbs,10/2/90,"Darlington , GBR"
"Tarrio, Santiago",,,11/7/90,"Touro , ESP"
"Taylor, Ben","5'11""",200 lbs,6/11/92,"Epsom , ENG"
"Taylor, Nick","6'0""",170 lbs,4/14/88,"Winnipeg , CAN"
"Taylor, Vaughn","6'0""",160 lbs,3/9/76,"Roanoke , USA"
"Teater, Josh","5'10""",180 lbs,4/6/79,"Danville , USA"
"Terrazas, Aaron","5'8""",159 lbs,2/6/97,"Mexico City , MEX"
"Theegala, Sahith","6'3""",200 lbs,12/4/97,"Orange , USA"
"Thomas, Justin","5'10""",160 lbs,4/29/93,"Louisville , USA"
"Thompson, Curtis","6'0""",181 lbs,12/13/92,"Plantation , USA"
"Thompson, Davis","6'3""",190 lbs,6/5/99,"Auburn , USA"
"Thompson, Michael","6'0""",184 lbs,4/16/85,"Tucson , USA"
"Thompson, Nicholas","6'0""",185 lbs,12/25/82,"Plantation , USA"
"Thomson, Jonathan","6'9""",,4/4/96,"Rotherham , ENG"
"Thorbjornsen, Michael",,,9/16/21,"Wellesley , USA"
"Thornberry, Braden","6'0""",225 lbs,4/11/97,"Germantown , USA"
"Todd, Brendon","6'3""",180 lbs,7/22/85,"Pittsburgh , USA"
"Tokimatsu, Ryuko","5'6""",165 lbs,9/7/93,"Fukuoka , JPN"
"Toledo, Jose","5'9""",165 lbs,5/12/86,"Guatemala City , GTM"
"Tosti, Alejandro","5'6""",170 lbs,5/30/96,"Rosario , ARG"
"Trace, Travis","6'1""",180 lbs,6/12/96,"Jacksonville , USA"
"Trahan, D.J.","6'3""",185 lbs,12/18/80,"Atlanta , USA"
"Trainer, Martin","6'1""",175 lbs,4/15/91,"Marseille , FRA"
"Travale, Johnny",,,11/7/00,"Hamilton , CAN"
"Trent, Jack","6'3""",195 lbs,11/19/98,"Sunshine Coast , AUS"
"Tringale, Cameron","6'2""",185 lbs,8/24/87,"Mission Viejo , USA"
"Trolio, Cohen",,,,"West Point , USA"
"Trosper, Donnie",,,1/8/97,"Canton , USA"
"Truslow, Austen","6'5""",185 lbs,2/13/96,"New Smyrna Beach , USA"
"Tway, Kevin","6'3""",185 lbs,7/23/88,"Edmond , USA"
"Uihlein, Peter","6'1""",190 lbs,8/29/89,"New Bedford , USA"
"Uresti, Omar","5'6""",175 lbs,8/3/68,"Austin , USA"
"Valimaki, Sami","6'2""",,7/16/98,"Nokia , FIN"
"Van Der Walt, Dawie","6'5""",260 lbs,2/11/83,"Paarl , ZAF"
"Van Meijel, Lars","6'0""",170 lbs,6/12/94,"Eindhoven , NLD"
"Van Pelt, Bo","6'4""",200 lbs,5/16/75,"Richmond , USA"
"Van Rooyen, Erik","6'3""",194 lbs,2/21/90,"Bellville , ZAF"
"Van Tonder, Daniel","5'10""",,3/12/91,"Soweto , ZAF"
"VanDerLaan, John","5'10""",185 lbs,6/28/96,"Southbury , USA"
"Varner III, Harold","5'8""",170 lbs,8/15/90,"Akron , USA"
"Vazquez, Sebastian","5'9""",154 lbs,11/7/90,"Mexico City , MEX"
"Veerman, Johannes","6'4""",186 lbs,5/17/92,"Orange County , USA"
"Vegas, Jhonattan","6'3""",230 lbs,8/19/84,"Maturin , VEN"
"Ventura, Kristoffer","6'3""",180 lbs,2/24/95,"Puebla , MEX"
"Vermeer, Ryan","5'11""",165 lbs,1/11/78,"Spencer , USA"
"Vick, Matt",,,6/16/88,"Franklin , USA"
"Vick, Travis",,,,"Houston , USA"
"Villegas, Camilo","5'9""",160 lbs,1/7/82,"Medellin , COL"
"Vincent, Scott","5'10""",150 lbs,5/20/92,"Harare , ZWE"
"Visacki, Michael","6'2""",260 lbs,11/5/93,"Sarasota , USA"
"Vogel, T.J.","6'0""",170 lbs,12/30/90,"Pembroke Pines , USA"
"Von Dellingshausen, Nicolai","5'9""",,1/22/93,DEU
"Vrzich, Joey","5'11""",190 lbs,,"La Mesa , USA"
"Wagner, Johnson","6'3""",230 lbs,3/23/80,"Amarillo , USA"
"Waldorf, Duffy","6'0""",225 lbs,8/20/62,"Los Angeles , USA"
"Walker, Brett","6'2""",,8/24/91,"Jupeter , USA"
"Walker, Danny","6'0""",170 lbs,10/4/95,"Bradenton , USA"
"Walker, Jimmy","6'2""",180 lbs,1/16/79,"Oklahoma City , USA"
"Wall, Jack",,,,"Brielle , USA"
"Wallace, Matt","6'1""",187 lbs,4/12/90,"Hillingdon , ENG"
"Walters, Justin","6'0""",231 lbs,10/23/80,"Johannesburg , ZAF"
"Ward, Dalton","5'8""",147 lbs,6/19/91,"Sumter , USA"
"Waring, Paul","5'11""",174 lbs,2/2/85,"Birkenhead , ENG"
"Warren, Marc","5'11""",168 lbs,4/1/81,"Rutherglen , SCT"
"Warren, Shawn",,,1/16/85,"Windham , USA"
"Watanabe Jr., Steve",,,,"San Francisco , USA"
"Watney, Nick","6'2""",180 lbs,4/25/81,"Sacramento , USA"
"Watson, Bubba","6'3""",180 lbs,11/5/78,"Bagdad , USA"
"Weekley, Boo","6'0""",210 lbs,7/23/73,"Milton , USA"
"Weinhart, Tim","5'9""",168 lbs,7/10/69,"Rochester , USA"
"Weir, Mike","5'9""",155 lbs,5/12/70,"Sarnia , CAN"
"Welch, Patrick","5'11""",,4/19/01,"Aliso Viejo , USA"
"Weldon, Kyle",,,2/24/93,"Des Peres , USA"
"Wells, Jeremy",,,8/14/90,USA
"Werbylo, Trevor","6'1""",175 lbs,6/3/98,"Tucson , USA"
"Werenski, Richy","6'0""",165 lbs,12/22/91,"Springfield , USA"
"Westmoreland, Kyle","6'3""",220 lbs,9/20/91,"Lewisville , USA"
"Westwood, Lee","6'0""",205 lbs,4/24/73,"Worksop , ENG"
"Wetterich, Daniel","6'1""",160 lbs,2/8/97,"Cincinnati , USA"
"Whaley, Vincent","6'2""",185 lbs,3/14/95,"Lexington , USA"
"White , Brett","5'11""",225 lbs,4/8/93,"Grand Rapids , USA"
"Whitnell, Dale","5'11""",,8/8/88,"Colchester , GBR"
"Wi, Charlie","5'10""",175 lbs,1/3/72,"Seoul , KOR"
"Wiatr, Chris","5'11""",180 lbs,4/4/93,"Connecticut , USA"
"Widing, Tim","6'0""",168 lbs,7/14/97,"Jonkoping , SWE"
"Wiebe, Gunner","6'1""",185 lbs,1/1/89,"Denver , USA"
"Wiesberger, Bernd","6'2""",189 lbs,10/8/85,"Vienna , AUT"
"Wilkinson, Brice","5'10""",150 lbs,,"Madison , USA"
"Wilkinson, Tim","5'8""",155 lbs,7/26/78,"Palmerston North , NZL"
"Willett, Danny","5'11""",170 lbs,10/3/87,"Sheffield , ENG"
"Williams, Mason",,,3/14/00,"Bridgeport , USA"
"Willman, Ben","6'0""",175 lbs,3/17/80,"Frimley , ENG"
"Wilshire, Kyle","5'10""",200 lbs,7/25/92,"Lexington , USA"
"Wilson, Andrew",,,3/29/94,"Darlington , GBR"
"Wilson, Mark","5'8""",145 lbs,10/31/74,"Menomonee Falls , USA"
"Wilson, Matt","6'2""",117 lbs,5/31/96,"Los ALamitos , USA"
"Wilson, Oliver","5'11""",168 lbs,9/14/80,"Mansfield , ENG"
"Winslow, Joseph","6'5""",185 lbs,1/2/93,"Overland Park , USA"
"Winther, Jeff","6'4""",172 lbs,3/30/88,"Gladsaxe , DNK"
"Wise, Aaron","6'1""",182 lbs,6/21/96,"Cape Town , ZAF"
"Wolfe, Jared","6'4""",190 lbs,4/7/88,"Louisville , USA"
"Wolff, Matthew","6'0""",165 lbs,4/14/99,"Agoura Hills , USA"
"Wood, Chris","6'6""",198 lbs,11/26/87,"Bristol , ENG"
"Wood, J.J.",,,5/9/84,"San Diego , USA"
"Woodland, Gary","6'1""",195 lbs,5/21/84,"Topeka , USA"
"Woods, Tiger","6'1""",185 lbs,12/30/75,"Cypress , USA"
"Worsdall, Connor",,,4/4/98,ENG
"Worthington II, Wyatt","6'0""",175 lbs,2/20/87,"Columbus , USA"
"Wrigley, Alex",,,,ENG
"Wu, Ashun","6'0""",187 lbs,6/22/85,"Xiamen , CHN"
"Wu, Brandon","6'0""",170 lbs,2/17/97,"Danville , USA"
"Wu, Dylan","5'10""",175 lbs,7/26/96,"Medford , USA"
"Xiong, Norman","6'1""",195 lbs,11/9/98,"Tamuning , GUM"
"Yang, Yong Eun","5'9""",195 lbs,1/15/72,"Jeju-do , KOR"
"Young, Cameron","5'11""",185 lbs,5/7/97,"Briarcliff Manor , USA"
"Young, Carson","5'10""",155 lbs,11/12/94,"Anderson , USA"
"Yu, Chun An","5'8""",180 lbs,8/11/98,"Taoyuan , TWN"
"Yu, Kevin","5'9""",180 lbs,8/11/98,"Taoyuan , TWN"
"Yu, Sean","6'1""",180 lbs,9/20/96,"Taipei , TWN"
"Yuan, Carl","5'10""",193 lbs,3/21/97,"Dalian , CHN"
"Yun, Andrew","5'8""",180 lbs,5/17/91,"Tacoma , USA"
"Zaback, Zach","5'10""",155 lbs,1/3/94,"Nashville , USA"
"Zachman, Derek","6'0""",185 lbs,9/3/91,"Auburn , USA"
"Zalatoris, Will","6'2""",175 lbs,8/16/96,"San Francisco , USA"
"Zanotti, Fabrizio","5'7""",150 lbs,5/21/83,"Asuncion , PRY"
"Zhang, Andy","6'0""",185 lbs,12/14/97,"Beijing , CHN"
"Zhang, Xin-Jun","6'1""",165 lbs,6/10/87,"Shanxi , CHN"
"Zuska, Jiri","6'1""",,2/21/99,"Kladno , CZE"